temperature,humidity,ph,rainfall,salinity,label
17.8,59.3,7.45,344.3,2.28,Pois chiche
26.9,57.1,6.51,297.8,0.86,Pois chiche
25.2,59.7,6.59,387.0,2.05,Maïs
21.6,55.9,6.18,515.5,2.14,Maïs
23.2,67.7,6.74,500.2,1.52,Tomate
23.9,64.7,6.76,464.9,2.1,Maïs
18.4,50.8,6.02,611.1,1.22,Maïs
14.3,45.5,7.61,335.7,1.04,Orge
18.1,46.8,6.63,201.7,1.39,Orge
15.8,50.5,6.92,196.7,1.13,Pois chiche
21.3,40.2,7.11,249.4,2.03,Olivier
26.8,49.6,6.74,493.0,2.72,Olivier
20.2,53.2,7.25,472.0,1.84,Blé
29.4,60.0,6.94,509.8,0.74,Luzerne
23.2,41.2,6.62,471.4,0.85,Blé
27.0,61.7,6.28,524.4,0.87,Maïs
15.1,63.2,7.67,498.7,1.19,Luzerne
17.2,46.2,7.72,319.4,2.83,Pois chiche
13.4,64.2,7.45,331.9,1.72,Blé
16.0,64.6,6.92,470.2,0.48,Blé
18.7,43.4,6.8,437.7,2.43,Olivier
28.9,32.5,6.99,166.6,1.13,Olivier
24.9,74.1,6.51,504.2,2.38,Tomate
17.7,51.1,7.32,308.5,2.98,Orge
17.0,33.5,6.99,483.8,3.68,Olivier
23.5,66.8,6.29,339.5,0.78,Oignon
19.1,39.8,7.6,208.3,2.47,Orge
13.7,48.0,7.76,272.6,2.16,Orge
23.3,54.1,7.91,266.2,1.63,Olivier
20.3,50.4,6.48,375.1,2.27,Blé
8.8,35.9,7.35,260.4,2.09,Orge
13.8,38.0,6.44,341.8,1.63,Orge
21.8,58.3,6.86,504.3,0.56,Maïs
20.7,61.0,6.62,350.9,2.07,Blé
22.5,65.5,6.06,361.2,1.95,Tomate
26.3,48.6,8.22,416.6,2.8,Olivier
25.2,65.2,6.11,478.6,0.88,Tomate
22.6,43.4,6.38,391.3,1.08,Pois chiche
25.9,54.9,6.49,567.9,0.84,Maïs
21.6,43.8,7.41,298.4,1.42,Orge
24.0,74.2,6.51,375.9,0.49,Tomate
9.6,57.1,7.05,218.9,2.51,Orge
18.5,67.3,6.54,435.5,1.04,Maïs
16.6,72.4,6.36,334.8,2.29,Agrumes
18.1,51.7,7.92,390.1,1.92,Orge
10.5,39.6,7.61,182.9,1.7,Orge
16.6,61.5,5.88,591.7,2.14,Agrumes
18.1,61.9,6.26,351.4,1.17,Tomate
22.1,53.0,6.64,417.3,0.65,Oignon
29.1,38.5,7.96,236.3,2.59,Olivier
17.0,56.3,6.03,492.5,2.26,Blé
27.0,65.5,6.37,591.6,2.14,Maïs
20.0,45.0,7.7,470.4,2.71,Luzerne
27.6,59.7,7.04,336.0,2.07,Agrumes
26.8,40.8,7.65,320.9,1.88,Pois chiche
23.7,64.9,5.89,417.8,2.35,Agrumes
8.1,55.7,7.67,263.2,2.39,Orge
23.7,72.6,6.32,466.8,1.98,Tomate
20.4,59.7,7.38,479.6,1.38,Luzerne
19.6,41.4,6.17,468.2,2.05,Blé
18.1,52.8,8.22,213.0,2.33,Olivier
12.4,46.0,7.77,322.2,1.44,Orge
22.0,55.0,6.27,668.6,0.35,Maïs
16.6,58.4,6.13,441.7,2.37,Blé
14.1,61.4,6.29,400.6,0.78,Oignon
20.8,33.4,8.21,344.9,1.02,Olivier
16.2,66.9,5.29,329.2,0.85,Pomme de terre
17.7,35.6,7.38,301.4,1.74,Orge
19.2,39.5,7.89,249.5,2.25,Pois chiche
19.3,54.5,6.22,369.3,1.95,Maïs
19.0,67.1,5.52,538.5,0.49,Pomme de terre
23.9,62.6,6.88,493.9,0.47,Maïs
20.6,49.6,6.01,288.4,0.78,Blé
28.9,59.0,6.51,440.9,2.04,Tomate
27.6,55.4,6.89,403.7,1.06,Oignon
15.0,59.5,6.7,405.0,1.33,Luzerne
13.9,40.4,6.62,212.7,2.28,Orge
18.2,52.8,6.2,271.3,1.23,Orge
23.3,67.6,6.38,374.8,1.2,Agrumes
25.5,59.0,6.02,319.0,0.78,Tomate
15.5,41.9,7.6,176.4,1.24,Olivier
19.1,61.1,5.55,306.0,1.05,Pomme de terre
13.0,44.2,6.52,302.0,1.28,Blé
20.1,46.4,7.56,405.5,1.25,Pois chiche
18.3,50.6,6.35,382.8,0.42,Blé
11.9,41.2,7.18,254.5,2.21,Blé
21.7,65.8,6.23,346.0,2.41,Tomate
18.2,47.2,6.15,397.5,1.36,Blé
25.1,32.8,7.94,378.9,2.77,Olivier
28.7,71.3,6.46,373.9,2.2,Tomate
22.8,47.9,6.99,433.6,2.34,Blé
12.8,58.8,7.09,380.4,1.87,Orge
15.3,50.1,6.2,349.0,1.57,Oignon
12.9,52.6,6.37,344.5,2.42,Orge
27.8,69.6,6.35,319.8,1.72,Luzerne
26.3,48.3,6.95,208.0,2.43,Olivier
22.8,77.4,6.46,309.0,0.3,Pomme de terre
21.1,38.6,6.49,262.8,2.04,Orge
25.2,53.5,7.72,226.9,2.2,Olivier
13.5,74.0,5.58,573.5,0.37,Pomme de terre
11.5,36.1,7.08,274.8,0.77,Orge
18.0,38.4,8.07,421.1,2.15,Olivier
21.9,60.8,5.31,322.8,1.49,Pomme de terre
15.5,44.3,6.38,219.5,2.93,Orge
27.3,65.3,6.6,459.3,1.09,Agrumes
17.3,52.2,6.71,286.9,1.99,Oignon
27.2,56.8,6.86,408.6,1.79,Agrumes
15.3,65.3,5.58,315.2,0.89,Pomme de terre
17.8,42.5,6.17,391.6,1.13,Blé
17.4,75.4,5.42,409.9,1.25,Pomme de terre
25.5,68.5,6.69,290.5,1.06,Oignon
18.8,62.5,5.69,547.2,0.73,Pomme de terre
24.8,50.8,6.99,541.2,0.56,Maïs
25.7,53.0,7.6,234.6,2.59,Pois chiche
10.4,63.2,6.64,490.5,1.67,Blé
19.8,70.9,5.97,576.4,1.26,Maïs
14.3,78.4,6.14,486.0,0.76,Pomme de terre
17.7,69.8,5.96,602.1,0.58,Pomme de terre
19.2,56.3,6.78,599.1,0.74,Agrumes
13.7,67.4,5.57,622.7,0.38,Pomme de terre
15.9,53.7,6.23,398.8,0.55,Pois chiche
19.2,61.6,7.71,345.8,1.42,Luzerne
15.7,67.6,6.2,346.0,0.96,Oignon
28.7,70.7,6.85,688.0,0.87,Agrumes
22.7,53.6,6.01,629.3,0.53,Maïs
17.2,31.2,7.76,370.9,1.39,Olivier
20.0,59.6,7.32,301.9,1.37,Luzerne
21.8,52.2,7.23,261.8,1.48,Blé
20.6,43.1,6.8,306.9,0.63,Pois chiche
22.3,72.8,5.93,353.9,0.96,Pomme de terre
26.5,66.1,6.36,359.5,1.43,Maïs
25.3,70.9,6.47,461.7,1.96,Tomate
23.1,46.7,7.35,462.6,1.75,Olivier
20.1,55.5,6.73,232.2,2.14,Pois chiche
17.8,54.1,6.5,300.7,1.5,Luzerne
22.3,57.5,6.5,461.4,2.19,Luzerne
28.6,52.9,7.47,255.7,0.6,Luzerne
15.5,61.1,6.61,348.0,0.77,Oignon
17.7,52.3,6.72,356.5,1.32,Olivier
16.7,65.8,6.99,307.3,2.65,Luzerne
24.6,69.0,6.97,637.7,1.26,Maïs
21.4,64.4,6.17,416.2,1.09,Oignon
24.4,55.1,6.56,270.1,1.47,Oignon
27.1,55.0,6.77,617.1,0.95,Maïs
17.3,63.7,5.69,418.0,1.3,Pomme de terre
12.2,60.1,5.64,406.6,0.67,Pomme de terre
18.2,45.0,7.94,256.1,1.01,Orge
15.3,56.0,6.33,203.0,2.09,Orge
22.3,71.9,6.73,374.3,1.96,Tomate
24.1,72.8,6.42,334.2,0.94,Tomate
29.8,63.5,6.16,429.5,1.23,Maïs
17.5,43.6,6.83,211.8,1.74,Olivier
27.7,56.9,5.83,489.5,0.51,Agrumes
24.3,68.2,6.27,389.6,2.37,Tomate
17.0,48.7,6.98,358.7,1.75,Blé
21.0,60.3,7.3,281.4,1.05,Luzerne
28.9,56.4,6.6,581.2,2.35,Tomate
28.5,70.8,6.83,596.6,1.96,Agrumes
23.2,71.3,5.68,646.9,0.53,Agrumes
23.1,69.9,6.35,344.5,0.72,Agrumes
20.6,65.2,5.96,505.4,0.79,Agrumes
15.9,50.4,6.91,453.9,0.45,Blé
18.7,58.7,6.17,671.4,0.73,Agrumes
17.6,68.7,6.6,455.7,0.91,Agrumes
30.5,36.7,7.13,156.8,2.48,Olivier
23.6,51.6,8.27,181.4,1.19,Olivier
16.6,43.8,6.57,255.3,2.02,Olivier
21.4,71.9,5.7,516.8,1.68,Agrumes
20.1,76.3,6.31,409.1,0.65,Pomme de terre
19.9,45.8,7.01,414.5,0.9,Blé
11.3,40.4,6.89,367.6,0.6,Orge
17.3,41.3,7.58,394.0,1.79,Pois chiche
17.9,65.8,5.36,329.1,0.77,Pomme de terre
24.1,72.7,6.1,303.0,2.32,Tomate
10.5,52.9,7.85,271.4,1.29,Orge
17.7,43.4,6.71,193.4,2.76,Olivier
21.1,56.5,6.51,379.9,1.99,Blé
28.4,59.4,6.07,350.7,1.21,Tomate
21.7,34.0,6.75,273.9,2.51,Olivier
30.7,62.2,6.1,543.4,1.62,Maïs
16.5,70.1,7.2,344.0,1.07,Agrumes
31.5,72.7,6.74,570.7,1.82,Maïs
21.7,58.8,6.78,546.3,0.81,Maïs
15.6,77.5,5.92,440.0,1.45,Pomme de terre
17.2,57.0,7.79,489.1,0.8,Luzerne
27.5,56.5,6.22,403.1,2.41,Tomate
24.6,50.6,7.26,528.0,1.17,Luzerne
20.3,69.2,7.49,688.6,1.56,Agrumes
26.3,69.5,6.6,429.0,0.36,Tomate
24.2,53.5,7.32,308.1,2.8,Pois chiche
26.1,56.0,7.39,271.4,0.43,Pois chiche
31.0,53.4,6.46,621.1,1.95,Maïs
23.8,53.1,7.73,334.3,1.32,Pois chiche
31.3,49.5,7.85,497.7,1.18,Olivier
31.4,41.6,7.58,314.1,1.04,Olivier
12.5,59.0,7.41,390.9,2.35,Luzerne
25.4,52.0,6.81,396.3,2.21,Olivier
21.3,58.5,6.05,399.4,1.76,Orge
18.7,45.3,6.1,425.5,0.93,Blé
16.8,51.0,8.22,416.6,3.6,Olivier
15.8,56.8,6.82,214.1,2.28,Pois chiche
24.3,39.5,7.0,298.3,1.03,Pois chiche
25.5,56.7,6.8,535.2,2.57,Luzerne
17.0,61.7,6.09,324.0,2.59,Agrumes
12.3,61.8,6.39,405.0,1.88,Blé
18.4,63.8,6.62,487.6,1.97,Maïs
14.8,66.3,6.17,368.0,1.25,Oignon
22.8,43.0,7.45,305.3,2.56,Olivier
24.0,58.0,6.33,580.9,1.11,Maïs
12.3,54.1,7.47,498.3,1.33,Blé
17.4,71.5,6.21,499.5,2.54,Agrumes
20.3,69.6,7.72,520.1,1.43,Luzerne
10.9,59.5,6.36,378.2,0.42,Blé
20.8,70.5,6.47,385.6,1.23,Pomme de terre
25.8,53.7,6.59,379.2,2.63,Pois chiche
27.3,57.6,6.55,265.0,1.96,Oignon
19.7,58.4,6.13,572.5,0.63,Maïs
25.7,73.9,6.34,535.3,1.08,Tomate
30.8,42.1,7.35,122.3,1.2,Olivier
17.7,46.1,8.4,277.0,3.32,Olivier
20.0,66.4,5.38,487.1,0.87,Pomme de terre
20.3,53.7,6.34,385.2,0.65,Oignon
22.9,40.7,6.86,345.3,2.1,Blé
16.0,70.2,5.74,364.3,2.15,Agrumes
21.5,51.2,6.39,506.0,1.9,Maïs
29.0,67.3,6.57,530.6,1.78,Luzerne
14.9,60.4,6.13,350.0,0.6,Oignon
28.6,73.8,6.23,452.3,1.52,Maïs
19.6,62.0,6.0,612.7,1.33,Pomme de terre
25.7,54.8,7.19,494.8,1.87,Luzerne
25.2,62.8,6.9,580.5,0.9,Maïs
15.8,61.3,5.45,502.4,0.89,Pomme de terre
15.0,38.5,8.16,315.9,2.69,Olivier
12.6,37.7,7.74,401.5,1.95,Orge
22.0,38.2,6.05,312.7,2.21,Orge
29.6,47.8,6.93,326.6,1.89,Olivier
25.3,44.8,6.75,195.0,2.88,Pois chiche
25.1,68.5,6.76,541.9,1.45,Tomate
20.0,45.8,6.39,487.2,0.99,Blé
17.9,76.0,5.4,612.3,1.11,Pomme de terre
25.9,60.3,6.72,482.4,1.44,Tomate
27.0,57.6,6.39,575.4,0.57,Tomate
26.4,68.1,6.56,486.9,0.7,Maïs
18.5,79.6,6.41,625.9,0.75,Pomme de terre
18.4,66.8,6.06,352.3,0.84,Maïs
27.6,52.0,6.3,349.9,1.59,Pois chiche
26.3,66.1,6.39,476.0,2.58,Agrumes
24.8,40.8,7.04,482.6,1.14,Olivier
10.1,42.5,6.57,361.7,2.79,Orge
25.2,58.9,6.31,519.6,1.78,Tomate
28.2,64.7,7.12,523.8,0.77,Luzerne
21.9,73.6,6.95,689.2,1.61,Maïs
10.2,63.2,6.33,327.2,0.9,Blé
19.7,35.4,7.48,275.9,1.76,Pois chiche
28.6,66.1,6.7,518.8,1.8,Tomate
21.4,51.1,6.22,529.3,1.2,Luzerne
18.2,34.7,7.23,247.4,3.64,Olivier
14.7,61.5,6.4,326.2,0.8,Oignon
26.1,73.4,6.47,627.1,2.46,Agrumes
16.3,50.9,6.13,360.5,1.92,Orge
22.4,73.2,7.09,679.1,2.23,Agrumes
16.1,64.9,7.08,268.7,1.21,Blé
14.5,66.9,6.84,378.8,0.73,Agrumes
18.4,67.5,6.26,312.8,1.91,Oignon
14.5,50.6,8.33,402.0,3.51,Olivier
22.2,73.2,6.24,439.0,2.47,Tomate
30.6,72.6,6.85,522.1,0.46,Maïs
23.8,58.9,6.79,457.3,1.38,Tomate
17.5,64.1,5.8,425.6,1.91,Agrumes
19.9,53.5,6.26,396.8,0.65,Orge
20.4,62.4,6.33,575.4,1.56,Tomate
19.7,58.7,6.19,652.8,1.53,Agrumes
21.2,35.6,6.7,361.1,2.4,Olivier
22.6,41.1,7.33,267.9,1.9,Pois chiche
16.2,37.1,6.97,424.3,1.05,Olivier
13.6,66.0,6.69,294.6,1.24,Luzerne
27.8,64.4,7.44,491.9,1.02,Agrumes
22.1,60.3,6.23,576.6,1.61,Agrumes
21.0,35.6,7.71,276.2,2.25,Olivier
20.5,55.3,6.81,366.8,1.54,Oignon
13.1,59.1,7.11,267.7,0.61,Luzerne
13.7,57.0,6.25,373.3,2.52,Orge
23.7,64.5,5.56,411.0,0.78,Pomme de terre
19.7,61.7,6.78,454.3,1.03,Tomate
19.1,74.2,6.39,553.3,1.44,Maïs
19.8,66.4,6.79,689.5,2.1,Agrumes
28.9,63.9,6.44,307.4,1.13,Luzerne
24.0,72.5,6.59,386.0,2.41,Tomate
29.7,58.7,6.74,485.1,1.78,Tomate
18.7,37.6,6.79,401.5,0.46,Pois chiche
15.3,39.8,8.11,382.9,2.07,Olivier
21.0,51.3,7.15,262.2,0.73,Orge
17.1,63.7,5.71,488.5,1.66,Agrumes
23.3,57.5,6.25,294.5,1.94,Oignon
24.4,40.0,6.37,345.0,2.22,Pois chiche
17.5,48.0,6.1,215.8,2.43,Orge
24.5,51.0,6.61,383.5,0.69,Luzerne
32.6,45.3,6.89,416.7,2.37,Olivier
24.2,44.2,6.02,206.7,1.52,Pois chiche
16.7,69.0,6.7,481.6,2.35,Luzerne
26.1,51.6,7.43,329.7,3.99,Olivier
20.2,55.1,6.95,350.1,1.68,Orge
20.1,75.8,5.46,526.7,1.36,Pomme de terre
25.2,71.2,6.78,521.0,0.65,Tomate
20.2,69.5,6.15,320.7,1.23,Agrumes
22.5,56.0,6.27,335.7,1.32,Blé
11.4,36.2,7.97,246.3,1.6,Orge
24.6,71.5,6.64,669.9,1.28,Maïs
22.3,72.4,6.62,550.1,2.09,Maïs
21.5,53.5,6.07,322.4,0.84,Oignon
16.0,66.6,6.89,565.4,1.46,Agrumes
32.4,50.2,7.37,150.8,2.62,Olivier
15.4,56.1,6.34,450.8,1.04,Luzerne
27.5,68.2,6.83,673.7,0.96,Maïs
23.8,38.1,7.86,184.2,0.33,Pois chiche
18.9,67.2,7.73,426.1,2.48,Luzerne
20.2,48.5,7.7,458.2,2.73,Luzerne
15.6,64.5,6.34,671.5,2.17,Agrumes
17.5,70.0,6.16,287.1,1.91,Oignon
15.8,65.2,6.09,497.6,0.81,Pomme de terre
19.5,40.9,6.09,344.6,0.58,Orge
22.0,63.7,6.38,363.2,1.69,Luzerne
8.9,45.8,7.06,405.2,1.39,Orge
15.7,61.5,5.6,413.7,2.33,Agrumes
24.5,59.1,7.15,320.2,1.44,Luzerne
15.1,48.5,6.26,359.0,1.23,Blé
16.6,48.6,7.09,332.3,0.3,Pois chiche
20.3,76.3,5.21,643.7,1.26,Pomme de terre
13.6,62.8,7.6,314.2,1.73,Luzerne
14.9,49.4,6.18,491.0,0.6,Blé
22.6,63.2,7.41,335.5,1.58,Luzerne
15.1,55.1,6.54,396.2,1.87,Oignon
14.3,46.0,7.21,313.9,0.62,Luzerne
32.0,39.6,8.2,474.6,2.86,Olivier
18.0,59.4,7.48,498.9,1.15,Luzerne
27.5,51.3,6.47,510.8,2.12,Luzerne
23.8,64.8,5.99,632.2,0.68,Pomme de terre
18.8,43.8,7.64,337.1,2.42,Orge
25.8,58.1,6.13,305.9,1.97,Tomate
19.9,61.9,6.44,500.8,2.12,Maïs
21.0,60.7,6.75,547.8,1.29,Tomate
27.8,57.9,6.69,381.4,1.87,Oignon
16.6,68.0,6.43,497.6,2.28,Luzerne
22.0,71.4,6.54,495.1,0.97,Maïs
18.7,53.6,6.61,413.6,1.15,Olivier
24.3,50.5,6.95,310.2,2.57,Pois chiche
14.3,57.3,6.38,471.1,2.32,Luzerne
27.1,67.4,6.23,265.7,2.46,Luzerne
17.2,57.2,6.32,256.9,1.16,Oignon
24.5,53.2,6.74,554.2,1.75,Maïs
29.9,61.3,6.15,520.3,1.34,Tomate
25.5,58.2,5.87,391.7,0.69,Maïs
21.2,68.3,6.07,289.9,1.21,Oignon
28.2,63.3,6.42,570.8,1.54,Tomate
14.0,63.4,5.24,321.6,1.21,Pomme de terre
21.7,65.8,6.2,353.6,1.48,Pomme de terre
27.5,38.2,7.14,245.9,0.41,Pois chiche
29.0,47.9,7.49,373.4,2.51,Luzerne
11.9,39.7,7.53,273.3,1.21,Orge
17.1,40.0,7.89,359.0,1.51,Orge
28.1,72.1,6.64,652.0,0.86,Agrumes
23.4,72.2,6.42,413.6,1.33,Maïs
17.8,50.3,7.11,317.6,2.03,Pois chiche
21.9,57.0,6.83,423.5,0.72,Luzerne
14.4,56.9,7.22,528.8,0.71,Agrumes
25.9,60.9,5.79,503.8,1.51,Agrumes
19.4,61.6,6.53,300.9,1.03,Oignon
31.9,67.9,6.09,675.5,0.52,Maïs
22.7,42.2,6.1,279.5,0.81,Blé
22.7,59.0,6.32,258.1,0.42,Pois chiche
28.8,69.9,6.58,455.5,1.52,Maïs
16.9,47.5,7.78,323.5,1.62,Orge
8.7,49.2,6.79,224.1,2.94,Orge
20.0,50.8,6.54,288.0,2.28,Pois chiche
31.6,61.4,6.49,368.2,1.25,Maïs
19.4,65.1,6.01,353.2,0.82,Maïs
14.1,72.8,6.74,617.8,2.38,Agrumes
23.4,57.8,6.75,425.2,1.09,Oignon
29.7,59.9,7.58,326.2,1.54,Luzerne
14.3,60.4,6.6,250.9,1.69,Oignon
18.3,54.0,6.56,199.8,0.68,Orge
19.2,42.8,6.39,326.7,2.23,Blé
25.5,72.9,6.64,555.1,0.72,Tomate
23.8,59.9,6.25,437.5,1.16,Tomate
15.9,61.7,6.45,262.1,1.23,Blé
19.2,61.4,6.95,545.1,1.03,Luzerne
27.8,65.4,6.6,447.0,1.38,Tomate
18.4,59.0,6.8,612.7,0.5,Agrumes
19.2,61.3,7.32,421.6,2.54,Agrumes
17.1,60.5,6.99,352.4,0.47,Blé
16.5,48.3,6.61,389.7,3.26,Olivier
19.6,59.6,6.87,264.8,1.62,Orge
21.6,51.6,6.7,400.6,2.04,Oignon
24.8,42.6,6.11,237.7,1.8,Pois chiche
25.8,74.1,6.94,528.1,1.99,Agrumes
11.5,44.5,6.53,458.4,1.67,Blé
25.5,58.0,6.25,308.9,1.51,Tomate
20.1,51.5,7.48,398.8,0.68,Orge
26.4,35.1,8.25,394.4,2.82,Olivier
19.8,57.0,6.4,288.4,0.66,Orge
18.1,49.9,6.72,259.3,2.1,Pois chiche
23.9,63.5,6.42,372.8,0.78,Oignon
27.4,50.8,6.91,292.6,1.45,Oignon
20.2,58.2,7.0,511.3,0.93,Agrumes
26.8,60.3,6.82,661.1,1.47,Maïs
18.4,53.1,6.92,207.0,0.68,Pois chiche
20.1,57.1,7.95,347.3,1.88,Orge
20.1,67.5,6.79,463.4,1.17,Maïs
18.4,68.3,6.59,682.2,0.87,Agrumes
28.6,58.2,6.96,373.2,1.86,Luzerne
15.1,53.4,7.28,388.7,1.38,Blé
25.7,74.9,6.91,427.5,1.68,Maïs
21.3,65.3,6.81,338.6,1.25,Agrumes
20.4,48.5,6.02,343.8,0.64,Blé
17.6,71.6,5.64,396.5,1.66,Pomme de terre
19.4,55.0,6.76,322.9,1.54,Blé
27.4,67.2,5.57,311.6,1.23,Agrumes
22.3,42.0,6.36,276.8,0.78,Blé
22.6,67.9,6.53,543.1,2.38,Agrumes
18.0,67.7,7.34,687.6,2.06,Agrumes
15.4,60.8,6.11,380.2,0.69,Pomme de terre
26.5,54.3,8.47,165.2,2.87,Olivier
21.3,62.9,7.0,497.7,2.46,Agrumes
22.3,63.2,6.66,373.7,0.87,Luzerne
27.5,42.2,7.29,378.5,1.35,Pois chiche
25.5,63.7,6.38,355.1,2.12,Oignon
16.2,46.8,6.75,442.8,1.18,Blé
24.3,53.6,7.32,358.0,2.15,Olivier
13.1,58.7,6.67,378.9,2.31,Luzerne
20.0,46.0,7.72,323.2,2.71,Pois chiche
18.3,66.9,6.5,451.4,1.66,Tomate
23.8,54.8,6.12,355.1,1.65,Oignon
30.7,65.4,6.57,657.8,1.87,Maïs
21.9,73.7,5.85,503.0,1.77,Maïs
24.3,64.5,5.74,487.7,0.52,Agrumes
16.7,36.7,7.66,255.6,2.68,Pois chiche
13.9,47.3,6.79,197.7,2.14,Orge
20.5,35.2,8.03,250.3,1.08,Olivier
27.3,50.3,6.26,320.5,1.54,Oignon
25.8,69.7,6.55,317.0,0.81,Tomate
19.4,59.7,6.8,397.6,0.97,Oignon
22.1,65.7,6.84,374.7,1.08,Luzerne
27.7,71.7,6.19,330.1,1.05,Agrumes
26.3,55.3,6.22,416.9,1.57,Oignon
20.2,64.4,5.58,371.0,1.33,Pomme de terre
15.3,57.2,7.01,252.3,1.69,Orge
18.2,56.4,7.11,240.2,1.58,Pois chiche
25.3,64.4,6.58,381.4,1.96,Tomate
16.5,76.5,5.49,317.7,0.74,Pomme de terre
18.7,60.3,6.45,271.6,0.6,Oignon
22.4,45.1,7.49,360.6,1.87,Olivier
17.6,74.1,5.5,585.1,0.6,Pomme de terre
22.7,68.8,6.3,585.2,1.55,Maïs
20.0,43.1,6.68,202.3,1.23,Pois chiche
13.2,59.4,7.74,411.1,2.4,Luzerne
13.9,57.9,6.73,190.7,2.56,Orge
20.9,70.6,6.26,392.5,0.98,Maïs
19.4,44.6,7.03,419.0,2.2,Olivier
21.6,50.0,6.57,555.8,0.46,Maïs
29.8,70.4,6.25,606.9,0.72,Maïs
24.6,55.5,5.88,527.8,0.7,Maïs
18.7,55.9,6.84,375.6,1.53,Blé
18.7,53.2,6.11,405.8,0.72,Oignon
27.1,60.0,6.5,436.3,1.59,Tomate
20.3,68.5,7.71,416.9,1.39,Luzerne
18.6,52.5,6.6,351.9,0.66,Orge
14.2,65.6,6.36,527.5,1.53,Luzerne
29.2,49.9,7.1,290.9,3.08,Olivier
19.1,47.5,7.13,471.9,0.61,Blé
29.1,73.9,6.13,410.5,1.8,Tomate
16.2,53.5,7.19,352.3,2.6,Olivier
17.4,41.2,6.19,325.8,1.49,Blé
19.1,68.8,6.74,484.9,1.88,Luzerne
17.0,75.2,5.44,464.8,0.25,Pomme de terre
18.0,37.1,7.91,259.2,0.9,Pois chiche
15.6,46.2,7.95,227.7,2.53,Orge
16.8,40.8,7.06,199.5,0.69,Pois chiche
21.2,47.9,7.19,394.9,2.42,Orge
19.7,74.7,6.14,389.1,2.42,Tomate
31.0,72.4,5.92,453.1,0.32,Maïs
25.5,42.7,8.13,422.7,2.44,Olivier
29.5,68.7,6.92,497.8,1.54,Luzerne
20.0,50.2,7.88,219.1,3.49,Olivier
28.4,72.3,6.62,362.8,1.56,Maïs
15.9,36.5,6.79,391.6,1.97,Orge
20.3,58.9,6.45,263.7,1.95,Pois chiche
21.7,66.6,6.95,529.7,1.77,Agrumes
11.2,64.3,6.72,460.4,1.54,Blé
17.6,58.0,6.11,190.5,2.35,Orge
14.8,55.4,6.76,312.9,0.59,Orge
27.7,56.0,6.79,481.4,0.92,Tomate
27.1,54.1,6.29,320.8,1.71,Oignon
28.7,65.2,6.28,547.5,2.43,Tomate
29.1,61.0,5.89,581.3,0.34,Maïs
27.8,60.1,5.71,468.4,1.84,Agrumes
14.1,64.9,6.53,409.9,2.52,Luzerne
14.5,57.3,6.51,402.2,1.54,Blé
20.6,57.7,6.75,368.0,2.69,Pois chiche
26.3,37.5,7.29,311.3,2.35,Pois chiche
22.6,73.3,5.23,335.3,1.43,Pomme de terre
19.3,74.6,5.89,321.5,1.74,Pomme de terre
27.5,53.2,7.68,250.5,2.5,Luzerne
8.4,41.1,7.8,356.1,1.24,Orge
23.5,67.6,5.23,479.0,1.71,Pomme de terre
18.5,61.0,6.35,577.8,0.97,Tomate
22.8,51.3,6.63,455.2,0.46,Blé
21.8,65.4,6.49,696.0,0.72,Agrumes
24.8,50.0,7.74,402.2,1.22,Olivier
28.9,55.6,7.03,683.4,0.52,Agrumes
17.7,65.1,6.17,322.7,0.8,Agrumes
16.1,79.1,6.01,541.0,1.74,Pomme de terre
12.5,74.3,6.17,582.3,0.8,Pomme de terre
27.3,69.1,6.34,273.8,1.74,Oignon
25.7,40.2,7.8,137.3,2.91,Olivier
27.3,65.0,6.2,423.0,1.69,Tomate
22.4,56.6,7.24,448.3,0.88,Blé
22.2,76.4,5.62,424.0,0.37,Pomme de terre
13.7,50.0,6.36,272.2,2.81,Orge
16.9,41.6,7.62,383.3,1.75,Orge
20.3,30.6,6.78,236.4,1.99,Olivier
26.9,59.6,6.65,319.8,1.42,Agrumes
15.6,53.2,7.49,410.3,1.31,Blé
14.0,44.4,7.71,249.2,0.82,Orge
16.6,71.5,6.47,479.9,0.71,Pomme de terre
24.0,71.0,6.58,514.6,2.36,Tomate
22.1,63.5,6.54,435.0,0.93,Tomate
23.7,65.6,7.5,398.8,0.63,Luzerne
18.4,44.5,6.76,312.6,2.41,Pois chiche
24.1,30.5,8.07,456.0,1.45,Olivier
23.7,69.8,6.35,324.0,1.74,Pomme de terre
20.1,52.8,7.44,424.4,0.47,Blé
26.4,68.2,6.48,425.1,0.97,Tomate
28.8,40.4,7.74,294.0,1.56,Olivier
16.7,67.3,6.51,445.0,1.15,Agrumes
13.2,40.2,6.36,241.4,2.12,Orge
20.8,42.4,7.72,377.8,0.8,Pois chiche
20.1,60.5,6.31,402.4,2.39,Tomate
18.9,66.8,6.36,615.5,1.09,Maïs
13.0,47.9,7.36,479.7,1.02,Blé
20.2,62.0,6.75,368.7,0.91,Tomate
22.8,42.0,6.92,396.1,0.68,Blé
23.7,59.7,6.86,647.5,2.02,Maïs
14.6,79.1,5.82,371.4,0.71,Pomme de terre
26.7,67.0,6.07,628.4,1.32,Maïs
16.7,35.4,7.02,303.3,1.38,Pois chiche
26.0,66.5,6.4,499.3,1.76,Agrumes
16.7,57.9,6.19,242.8,2.06,Pois chiche
27.3,56.3,5.89,447.0,1.07,Maïs
15.3,62.7,7.37,315.8,0.41,Blé
25.7,67.1,6.14,683.9,1.77,Maïs
27.1,53.3,6.93,257.0,0.76,Pois chiche
18.5,71.3,5.79,513.7,0.67,Pomme de terre
16.1,63.2,7.16,539.7,1.83,Luzerne
22.7,47.5,6.39,218.1,2.98,Pois chiche
17.5,55.2,6.03,271.1,1.15,Oignon
17.8,56.9,6.56,313.3,2.09,Oignon
15.0,67.2,6.37,410.0,1.3,Oignon
20.2,68.8,6.95,336.8,0.86,Oignon
25.7,36.2,6.94,317.5,1.01,Pois chiche
12.3,70.2,6.49,566.2,1.16,Pomme de terre
9.0,56.5,7.49,185.3,2.68,Orge
25.3,55.4,6.34,261.9,1.07,Oignon
27.1,54.1,6.79,441.4,1.08,Oignon
21.3,62.5,6.32,478.8,0.98,Blé
16.2,51.0,6.84,278.2,0.65,Blé
29.0,43.8,6.65,194.0,3.84,Olivier
23.5,56.2,6.69,302.9,1.23,Tomate
15.3,54.2,6.32,507.9,0.76,Luzerne
22.6,51.9,7.6,339.0,2.41,Pois chiche
23.3,36.8,7.58,204.5,1.98,Olivier
28.8,72.4,6.36,434.3,0.56,Agrumes
13.5,45.9,6.05,269.3,0.78,Orge
15.7,51.2,6.94,315.4,1.16,Pois chiche
24.9,60.6,6.45,577.3,2.48,Tomate
8.1,37.4,7.67,366.3,2.59,Orge
29.6,57.9,6.42,410.1,1.69,Tomate
20.0,65.9,6.34,364.4,1.73,Tomate
18.7,59.0,6.6,350.6,0.93,Pois chiche
18.8,46.8,6.94,377.3,2.48,Olivier
22.9,67.6,6.81,370.5,1.96,Oignon
19.9,59.9,7.29,543.0,1.91,Agrumes
24.1,52.3,6.79,586.0,2.03,Maïs
30.6,64.7,6.8,484.7,2.18,Maïs
19.9,36.2,6.53,228.1,1.54,Orge
23.7,38.9,8.48,378.4,1.85,Olivier
12.2,65.6,7.57,292.1,2.62,Luzerne
28.5,55.0,7.16,652.5,0.61,Agrumes
23.9,77.9,5.77,574.3,0.89,Pomme de terre
15.6,54.5,6.09,316.1,2.74,Pois chiche
23.5,61.2,6.24,338.9,0.86,Tomate
17.5,58.4,6.26,320.3,1.21,Orge
20.4,54.6,7.27,376.2,2.4,Orge
29.1,57.1,6.32,357.2,2.19,Agrumes
25.9,67.1,7.39,531.4,2.11,Agrumes
10.2,47.2,7.49,357.2,2.22,Blé
19.7,55.3,7.18,377.6,1.68,Blé
14.6,56.2,6.37,277.2,0.96,Orge
18.2,50.5,6.44,253.6,0.65,Oignon
23.6,59.8,6.38,319.9,1.17,Oignon
21.1,56.6,6.99,251.6,0.41,Oignon
20.0,60.9,6.84,281.4,1.32,Blé
22.6,73.9,6.27,325.3,1.22,Tomate
21.4,80.0,5.23,479.2,0.31,Pomme de terre
27.0,61.0,6.24,265.7,1.64,Oignon
17.5,66.2,6.55,271.3,2.74,Luzerne
24.4,60.2,6.67,535.6,1.58,Tomate
23.8,40.2,6.01,414.1,1.98,Blé
29.2,63.8,6.8,291.3,2.58,Luzerne
18.7,35.5,7.68,174.6,2.61,Olivier
21.3,38.7,7.57,353.6,0.78,Orge
23.9,61.5,7.51,377.4,1.01,Luzerne
24.6,72.0,6.33,448.0,1.25,Maïs
21.3,56.1,7.25,389.4,2.7,Orge
20.5,47.8,7.43,244.3,1.35,Orge
17.9,55.0,6.78,226.5,1.51,Olivier
13.1,76.7,5.56,532.0,0.56,Pomme de terre
18.9,75.4,5.27,398.2,0.76,Pomme de terre
25.8,39.0,7.23,227.4,2.13,Pois chiche
22.5,40.0,6.83,123.9,3.72,Olivier
24.3,60.9,7.43,275.9,1.73,Luzerne
28.2,73.1,6.59,420.0,1.57,Tomate
21.0,63.4,6.37,597.6,0.49,Tomate
29.4,60.8,6.39,364.0,1.02,Tomate
16.5,50.5,6.01,348.2,1.17,Oignon
17.8,52.9,6.63,275.4,2.21,Blé
19.0,66.2,6.07,278.8,0.59,Oignon
28.8,51.2,6.58,633.3,1.79,Maïs
19.2,57.7,7.97,329.5,1.14,Orge
10.5,41.4,7.09,338.5,1.1,Blé
15.8,41.5,7.33,328.2,1.79,Orge
23.1,60.7,6.01,493.6,1.58,Tomate
27.7,59.4,6.53,383.4,0.45,Oignon
12.1,60.7,7.05,452.3,1.76,Blé
19.7,74.8,6.23,558.2,2.47,Tomate
17.2,36.4,7.64,335.1,2.6,Orge
18.4,55.6,6.21,298.6,1.22,Blé
28.8,70.5,6.82,409.3,1.03,Agrumes
14.9,62.5,6.42,475.8,2.62,Luzerne
21.8,55.7,7.59,304.0,2.75,Luzerne
25.8,31.4,7.84,169.7,3.68,Olivier
23.7,57.6,6.68,638.6,1.11,Agrumes
24.0,58.8,6.3,361.2,1.88,Oignon
20.1,47.3,7.62,279.2,2.0,Pois chiche
26.9,62.4,6.6,358.5,2.41,Tomate
17.3,59.9,7.76,364.6,1.32,Pois chiche
18.1,70.1,5.59,355.7,1.9,Agrumes
23.5,39.8,6.66,376.7,1.83,Pois chiche
18.6,56.3,6.64,603.9,1.32,Maïs
17.3,48.8,6.55,241.6,1.11,Orge
27.8,61.5,5.81,365.3,1.47,Maïs
19.4,46.5,6.17,415.5,2.41,Orge
14.7,52.3,7.77,218.5,3.21,Olivier
16.7,61.2,6.39,441.2,0.96,Oignon
14.8,73.5,5.53,312.0,2.48,Agrumes
25.0,51.0,6.4,631.7,1.84,Maïs
27.5,68.3,6.52,481.7,1.68,Tomate
26.2,64.2,6.5,481.2,1.2,Tomate
22.0,30.9,6.5,409.7,3.3,Olivier
21.2,47.1,8.44,492.7,3.46,Olivier
16.0,50.4,6.62,396.9,1.23,Oignon
23.4,55.6,6.25,492.7,1.33,Agrumes
27.8,58.9,6.8,266.2,2.26,Luzerne
17.9,53.2,7.02,319.4,2.26,Orge
23.2,78.2,5.81,396.3,1.63,Pomme de terre
21.7,61.2,6.49,341.0,2.18,Luzerne
15.6,34.7,7.26,482.1,1.62,Olivier
16.3,64.9,7.19,487.7,0.89,Luzerne
14.5,49.0,7.44,340.2,1.63,Blé
26.3,70.3,6.21,401.8,1.46,Maïs
21.8,71.5,6.43,333.8,2.48,Tomate
22.7,40.5,6.15,422.7,1.93,Blé
15.7,44.9,6.44,228.6,2.33,Orge
24.7,66.7,7.06,484.8,1.7,Agrumes
22.8,63.6,7.25,376.3,1.66,Agrumes
25.1,59.4,6.31,349.2,2.26,Tomate
20.4,78.3,5.44,389.9,1.3,Pomme de terre
18.8,65.2,5.51,476.5,1.67,Pomme de terre
20.2,58.7,7.09,458.0,1.85,Blé
22.0,47.2,7.11,309.4,2.35,Luzerne
15.3,47.3,6.27,378.8,1.81,Orge
24.6,43.3,6.51,213.8,0.68,Pois chiche
15.9,73.5,5.84,466.3,1.43,Pomme de terre
23.4,56.1,7.0,309.4,2.91,Pois chiche
28.7,62.0,6.18,411.7,1.8,Tomate
16.5,31.0,7.55,150.9,1.15,Olivier
24.0,47.8,6.25,257.8,1.37,Pois chiche
28.6,55.2,6.75,433.2,0.8,Tomate
20.2,50.0,7.91,180.6,1.15,Orge
19.9,65.8,6.18,536.1,1.77,Pomme de terre
25.4,63.1,6.64,507.2,0.39,Maïs
22.1,74.8,6.42,409.5,2.28,Tomate
21.8,48.3,6.57,320.7,0.58,Blé
20.1,64.8,6.54,495.1,2.15,Blé
9.5,38.1,7.99,366.6,2.25,Orge
26.1,41.9,6.14,345.4,0.49,Pois chiche
12.2,70.7,5.55,383.6,1.8,Pomme de terre
33.1,42.3,8.06,432.2,2.58,Olivier
19.3,35.3,6.02,205.3,2.92,Pois chiche
17.9,49.9,7.5,365.9,0.78,Orge
17.3,77.2,5.46,374.4,0.51,Pomme de terre
18.2,51.7,6.76,480.1,1.83,Blé
23.8,66.1,6.6,686.5,1.31,Agrumes
14.9,66.4,6.21,409.2,0.97,Oignon
27.8,44.9,7.68,182.6,2.2,Olivier
20.5,65.9,6.19,359.7,1.37,Tomate
26.7,58.2,6.52,437.3,0.87,Oignon
15.1,75.7,5.21,478.9,1.17,Pomme de terre
16.3,52.5,7.6,518.0,0.82,Luzerne
27.0,59.2,6.38,477.2,0.94,Tomate
27.5,56.7,6.89,393.3,1.8,Oignon
10.2,40.2,6.25,248.3,2.06,Orge
17.5,62.7,7.13,273.3,2.37,Blé
10.7,54.6,7.36,281.0,0.86,Orge
28.6,55.4,6.07,450.9,2.02,Tomate
15.5,55.0,7.21,494.7,0.6,Blé
23.8,45.6,7.4,336.8,0.75,Blé
11.3,57.2,6.34,359.8,1.32,Orge
22.3,40.3,7.27,404.1,2.18,Blé
27.3,59.8,6.98,392.1,0.8,Oignon
17.6,59.9,6.01,394.3,2.0,Orge
15.0,52.7,6.19,490.6,0.91,Blé
16.2,66.1,6.2,400.3,0.58,Oignon
21.8,39.8,7.27,263.0,1.71,Pois chiche
21.8,64.8,7.01,400.4,2.19,Blé
24.5,52.1,7.02,156.5,1.42,Olivier
19.8,73.7,6.49,385.9,1.52,Pomme de terre
14.0,47.4,6.87,464.3,2.39,Blé
19.1,61.3,6.28,438.2,1.11,Luzerne
22.9,69.6,6.18,491.4,2.02,Tomate
14.7,68.5,6.66,311.0,1.31,Oignon
18.9,64.8,6.13,290.7,1.09,Oignon
25.7,40.5,6.95,370.3,0.95,Pois chiche
25.2,56.3,6.6,256.1,0.51,Oignon
22.7,64.2,6.76,397.6,2.28,Tomate
26.2,61.8,5.56,503.1,0.91,Agrumes
22.1,55.1,6.05,459.6,1.86,Tomate
23.8,65.5,6.6,505.7,1.03,Maïs
18.3,50.9,6.24,438.5,0.44,Oignon
24.8,69.6,6.88,460.6,1.39,Luzerne
20.1,47.4,6.57,311.0,2.26,Pois chiche
15.6,45.9,7.89,358.4,3.53,Olivier
13.9,50.6,7.48,401.7,0.86,Blé
17.7,49.6,6.6,188.1,2.93,Olivier
19.0,56.6,6.21,350.9,2.16,Blé
20.3,65.2,6.21,611.0,1.79,Pomme de terre
20.4,61.4,6.45,441.0,1.25,Pomme de terre
14.0,50.2,7.26,307.9,2.26,Orge
16.0,50.1,6.72,197.0,0.67,Orge
16.4,66.2,6.41,311.2,0.75,Pomme de terre
30.5,71.4,6.55,481.0,1.23,Maïs
29.0,55.4,6.05,331.5,1.77,Tomate
23.2,54.1,6.29,385.0,0.71,Oignon
21.7,57.4,5.59,396.2,0.75,Agrumes
20.8,57.3,6.79,205.2,2.06,Orge
23.1,37.8,8.26,284.5,3.7,Olivier
11.3,64.4,7.27,341.7,0.86,Blé
16.3,54.6,7.69,294.6,0.89,Luzerne
16.3,41.4,6.86,414.4,1.64,Blé
13.1,79.7,6.45,439.0,0.84,Pomme de terre
31.0,42.3,6.55,214.7,1.26,Olivier
9.3,58.8,7.21,357.9,0.91,Orge
22.3,62.1,6.22,405.9,0.79,Oignon
16.5,61.4,6.01,412.3,1.79,Blé
18.5,60.2,6.02,396.8,2.49,Tomate
19.0,62.1,7.46,448.8,1.38,Blé
20.0,45.5,7.42,181.2,3.04,Olivier
20.4,62.6,6.33,359.2,2.04,Agrumes
21.7,58.0,6.94,289.1,0.41,Oignon
16.7,59.5,6.92,381.5,2.18,Orge
18.4,46.0,6.11,338.2,1.88,Blé
23.6,54.5,7.15,379.9,2.34,Blé
20.9,54.7,6.03,260.0,2.35,Blé
24.8,67.6,6.82,551.1,2.38,Agrumes
17.6,41.7,6.28,429.0,1.84,Blé
16.0,60.6,6.04,560.5,1.62,Agrumes
18.2,70.2,6.64,496.3,0.95,Tomate
23.8,56.9,6.31,380.8,1.87,Oignon
24.2,51.3,6.0,375.0,1.74,Maïs
22.7,47.7,6.19,470.5,1.4,Blé
12.9,58.6,6.34,357.0,1.09,Orge
21.7,53.5,6.86,286.7,2.08,Orge
25.6,54.6,5.81,664.5,1.18,Maïs
15.0,71.7,5.75,550.7,1.09,Agrumes
10.3,36.2,7.44,212.1,2.09,Orge
14.6,45.5,7.14,307.6,0.86,Blé
14.4,52.1,6.8,354.5,1.77,Oignon
15.3,65.8,6.26,595.4,0.34,Pomme de terre
14.7,32.1,6.89,490.9,3.96,Olivier
32.3,41.7,8.29,468.6,1.59,Olivier
15.6,55.2,6.73,482.6,0.69,Agrumes
16.0,54.3,6.96,372.7,0.98,Blé
28.7,74.2,6.21,572.8,1.45,Maïs
18.3,52.5,6.21,435.3,0.43,Blé
22.8,63.9,6.27,546.4,1.69,Luzerne
20.8,38.1,7.49,288.3,1.75,Olivier
20.8,56.5,7.02,518.5,0.62,Luzerne
12.3,35.5,6.95,368.8,1.41,Orge
17.2,64.3,6.3,472.3,1.55,Luzerne
26.8,54.1,7.7,445.1,2.62,Luzerne
20.9,50.5,6.23,351.9,1.21,Luzerne
16.6,67.7,6.02,386.6,0.66,Pomme de terre
22.9,77.6,6.27,327.4,1.68,Pomme de terre
28.0,61.6,6.28,514.3,1.76,Maïs
14.2,39.7,7.61,256.3,2.05,Orge
16.9,53.2,7.21,360.5,0.53,Luzerne
15.4,43.8,7.5,215.7,1.37,Orge
18.5,42.0,7.23,420.0,1.76,Orge
19.4,65.5,6.52,369.3,0.84,Oignon
19.2,46.4,7.5,321.0,1.65,Blé
14.9,55.4,6.19,497.6,2.41,Agrumes
16.9,77.1,5.68,602.4,1.74,Pomme de terre
21.3,55.1,6.49,222.8,2.97,Orge
26.5,59.4,6.39,405.4,0.92,Pois chiche
19.2,59.3,6.32,512.2,1.4,Agrumes
17.4,56.3,6.51,323.5,1.86,Blé
22.1,53.3,6.66,353.9,2.24,Blé
16.3,63.1,7.39,628.4,1.12,Agrumes
12.4,51.8,7.03,450.5,1.8,Blé
24.3,53.1,6.74,409.5,0.73,Oignon
28.9,71.0,6.26,513.3,1.64,Agrumes
29.1,58.9,6.26,378.7,1.64,Maïs
28.5,51.3,6.98,499.3,0.87,Maïs
14.4,78.7,6.0,349.2,1.15,Pomme de terre
14.8,76.5,6.2,400.9,0.52,Pomme de terre
20.3,39.8,7.21,182.0,2.24,Olivier
25.8,45.2,6.51,215.8,0.41,Pois chiche
24.4,70.9,6.02,674.9,2.42,Agrumes
24.3,52.6,6.58,323.3,1.29,Olivier
12.9,42.0,7.21,485.3,0.78,Blé
12.5,51.6,6.75,436.2,2.28,Blé
22.6,57.3,6.01,350.6,0.57,Oignon
21.2,62.3,6.82,274.3,2.12,Blé
28.2,74.8,6.95,453.6,1.22,Maïs
26.7,33.3,8.42,193.3,3.19,Olivier
19.3,79.7,6.13,481.2,0.65,Pomme de terre
16.4,59.8,7.28,367.1,2.81,Pois chiche
15.9,57.2,7.0,561.6,1.24,Agrumes
21.6,61.7,5.88,658.1,0.98,Maïs
21.8,73.7,6.48,302.3,1.56,Pomme de terre
27.2,63.4,6.43,364.0,1.62,Tomate
28.1,71.0,6.17,374.1,0.58,Agrumes
26.5,51.3,7.64,399.9,1.5,Olivier
20.8,71.5,6.42,310.7,0.9,Agrumes
14.3,66.8,7.06,633.5,0.76,Agrumes
19.6,64.9,6.91,407.3,1.53,Maïs
21.8,66.6,6.89,437.9,2.06,Luzerne
20.2,33.0,6.85,281.4,2.22,Olivier
19.5,70.5,5.55,613.8,1.94,Agrumes
15.8,53.4,6.02,480.6,1.12,Blé
21.1,65.7,6.59,433.2,0.98,Tomate
16.5,56.1,6.46,251.8,0.47,Oignon
20.4,71.2,5.51,417.5,0.47,Pomme de terre
20.3,57.9,6.8,369.4,2.1,Agrumes
16.3,51.0,6.93,352.5,0.94,Oignon
26.6,65.0,6.11,545.7,2.38,Agrumes
17.6,71.0,7.37,406.2,2.3,Agrumes
21.7,41.3,7.31,470.5,2.24,Blé
9.4,56.6,6.02,181.3,2.86,Orge
26.3,56.1,6.86,298.5,1.25,Oignon
20.6,60.6,5.26,314.7,1.31,Pomme de terre
29.5,46.6,6.54,336.1,3.2,Olivier
11.0,43.4,6.32,251.3,2.97,Orge
9.2,43.2,7.46,315.0,2.95,Orge
17.4,46.0,7.48,360.5,0.6,Blé
17.7,46.3,7.74,284.4,1.94,Pois chiche
27.7,55.3,6.46,356.4,1.44,Maïs
29.3,50.5,7.15,495.7,1.42,Luzerne
20.5,57.3,7.42,351.4,0.43,Blé
29.8,64.9,7.17,689.1,1.0,Agrumes
11.0,49.3,7.26,291.1,1.69,Orge
27.9,47.7,6.3,406.0,2.12,Pois chiche
18.0,72.2,7.47,678.6,2.24,Agrumes
18.7,34.8,8.18,343.7,2.57,Olivier
22.0,46.1,6.07,488.8,1.05,Blé
27.1,65.6,5.85,599.6,1.52,Maïs
20.9,32.2,8.47,316.6,2.29,Olivier
21.6,67.6,6.4,622.5,0.26,Pomme de terre
20.9,35.6,6.52,387.8,1.38,Orge
22.8,58.4,6.49,364.0,0.4,Tomate
26.3,61.7,6.98,673.5,1.4,Maïs
23.1,55.8,6.43,371.6,0.76,Pois chiche
22.9,56.1,7.85,306.1,2.74,Pois chiche
24.4,65.3,6.74,544.7,2.45,Tomate
26.8,49.9,6.24,429.1,1.42,Luzerne
32.2,39.4,6.7,166.5,2.01,Olivier
22.1,64.2,6.39,529.5,1.28,Maïs
12.6,70.4,5.56,635.5,1.59,Pomme de terre
27.8,51.3,7.89,213.4,2.01,Pois chiche
22.9,47.0,6.97,414.4,1.17,Blé
29.2,69.4,6.76,412.4,0.36,Tomate
19.3,62.8,7.43,661.6,1.08,Agrumes
20.8,77.2,5.48,612.3,1.03,Pomme de terre
24.2,36.8,6.63,305.6,1.54,Pois chiche
22.8,60.3,6.56,416.7,1.9,Oignon
23.6,63.0,6.2,596.4,1.35,Pomme de terre
28.7,67.0,6.28,525.5,0.39,Tomate
10.8,50.6,6.13,335.2,1.55,Blé
18.8,44.5,6.13,234.0,1.86,Pois chiche
15.2,62.8,5.99,544.4,0.94,Pomme de terre
19.6,38.0,6.98,241.1,3.54,Olivier
17.5,54.9,6.58,250.8,1.74,Olivier
23.4,31.3,7.19,140.4,2.87,Olivier
18.7,62.0,5.95,646.5,0.75,Agrumes
24.6,45.7,7.35,269.4,0.41,Pois chiche
14.7,60.1,7.12,363.2,1.06,Blé
27.4,61.3,6.35,388.1,1.48,Oignon
20.9,70.3,5.57,626.1,1.11,Pomme de terre
21.7,73.9,6.32,511.7,2.53,Agrumes
25.5,73.4,6.04,570.3,0.44,Maïs
21.3,63.2,6.01,403.3,0.83,Pomme de terre
20.8,74.6,6.02,614.3,0.5,Pomme de terre
12.5,50.4,6.78,195.7,1.63,Orge
19.6,48.0,8.08,232.7,1.25,Olivier
29.6,50.8,7.2,265.7,2.69,Luzerne
26.4,53.0,7.65,545.1,2.18,Luzerne
14.3,36.0,7.82,384.7,0.78,Orge
28.5,42.8,8.43,278.6,1.81,Olivier
14.2,58.4,5.91,328.5,2.25,Agrumes
19.8,54.5,6.86,372.6,2.17,Maïs
17.0,72.7,7.18,699.0,1.76,Agrumes
32.1,36.3,8.46,403.7,2.96,Olivier
14.7,43.9,6.59,483.0,1.67,Blé
28.7,56.1,6.14,385.8,0.42,Tomate
27.9,62.6,5.77,657.5,2.37,Agrumes
10.4,41.3,6.32,279.2,0.54,Orge
25.3,64.0,5.67,653.9,2.48,Agrumes
20.5,53.1,7.23,203.0,1.95,Pois chiche
31.8,66.2,6.85,402.4,2.01,Maïs
27.3,71.1,6.35,385.4,2.36,Tomate
15.2,57.8,6.1,604.6,0.66,Agrumes
9.9,54.1,6.4,381.6,0.92,Orge
33.0,45.6,7.86,239.8,3.9,Olivier
10.5,58.8,7.1,369.0,2.32,Orge
12.2,56.6,7.59,483.9,1.76,Luzerne
22.3,50.4,7.1,512.7,1.25,Luzerne
19.7,43.7,6.84,332.8,2.64,Orge
22.5,50.9,6.02,342.9,1.15,Oignon
15.4,40.4,7.39,417.6,1.71,Blé
20.2,50.9,6.52,265.0,0.81,Blé
17.2,61.6,6.1,285.0,0.89,Oignon
24.2,50.8,6.6,202.3,2.84,Olivier
25.3,65.1,6.43,295.4,0.65,Luzerne
19.8,74.8,5.6,319.8,0.72,Pomme de terre
24.1,69.0,7.05,640.0,1.63,Agrumes
25.0,69.1,6.31,371.8,1.92,Tomate
32.6,32.8,7.66,220.2,1.44,Olivier
21.3,59.0,6.28,500.0,0.88,Blé
20.6,49.7,6.97,344.6,2.26,Luzerne
31.0,46.3,7.47,436.7,3.88,Olivier
28.4,55.0,6.6,422.3,2.64,Luzerne
26.1,68.3,6.17,311.0,1.53,Oignon
31.0,59.1,6.43,467.4,1.31,Maïs
29.4,62.2,6.27,547.3,0.39,Maïs
20.1,65.5,6.21,386.2,0.92,Tomate
29.2,69.9,5.83,461.9,1.32,Agrumes
22.6,73.7,6.41,427.5,0.72,Tomate
12.6,58.1,7.02,489.4,2.2,Luzerne
18.0,42.4,6.63,305.9,1.96,Orge
24.2,58.3,6.01,488.0,2.17,Maïs
23.6,53.4,7.06,398.1,1.14,Blé
14.7,38.0,8.14,310.4,3.55,Olivier
24.0,57.6,6.11,458.3,1.65,Maïs
22.6,57.3,6.07,337.8,0.97,Oignon
21.2,69.8,6.38,373.3,0.97,Oignon
15.6,46.5,7.26,201.5,1.03,Pois chiche
22.9,74.8,6.5,449.7,1.81,Maïs
12.5,54.1,6.53,296.2,2.71,Luzerne
23.3,44.8,6.04,489.6,0.41,Blé
21.1,71.6,6.02,312.5,1.29,Tomate
20.1,53.0,6.99,322.3,1.54,Luzerne
16.0,52.3,7.35,242.1,1.13,Olivier
26.4,45.7,7.08,330.1,2.94,Olivier
20.3,45.5,7.25,451.1,0.44,Blé
23.0,74.6,6.8,404.0,0.96,Maïs
11.5,64.2,7.2,423.9,0.58,Blé
18.3,64.6,6.48,323.6,1.57,Blé
22.3,65.6,6.7,473.5,0.54,Tomate
14.7,67.6,6.53,350.5,0.98,Oignon
15.4,68.2,5.62,581.0,0.2,Pomme de terre
15.3,63.5,6.82,250.9,1.29,Blé
20.0,49.8,7.02,375.4,2.37,Pois chiche
14.5,38.5,6.97,278.9,2.76,Orge
20.7,55.2,6.65,432.7,1.92,Oignon
20.1,37.6,6.39,398.2,1.27,Pois chiche
16.7,72.8,6.35,479.9,1.74,Pomme de terre
22.5,73.0,6.69,684.0,0.68,Maïs
15.5,50.6,6.32,390.0,0.77,Orge
19.8,53.3,6.95,397.1,1.42,Blé
20.7,60.5,6.89,382.4,0.69,Oignon
12.6,57.2,6.99,297.8,1.64,Blé
14.5,49.7,7.55,189.4,1.92,Orge
24.4,37.6,6.95,218.7,3.31,Olivier
11.9,42.4,6.67,272.6,2.67,Orge
23.8,49.0,6.67,358.7,1.97,Pois chiche
16.9,68.7,7.06,644.6,2.53,Agrumes
21.2,62.8,6.82,413.3,1.18,Maïs
13.2,43.3,6.99,275.8,2.39,Orge
25.1,68.0,6.28,376.3,1.9,Oignon
25.7,57.1,6.36,662.6,0.53,Maïs
27.8,70.1,5.81,665.0,1.64,Maïs
15.4,36.2,7.23,297.6,1.52,Pois chiche
14.0,57.9,7.47,338.3,1.21,Orge
25.3,57.8,6.72,439.5,1.22,Maïs
15.6,57.4,7.05,316.7,1.63,Blé
22.1,51.7,6.99,387.3,1.76,Blé
26.8,60.7,6.72,381.3,0.79,Tomate
11.2,54.3,7.74,247.3,1.2,Orge
15.8,40.2,6.03,207.8,2.62,Pois chiche
21.7,60.0,7.32,509.0,2.03,Luzerne
21.9,51.8,8.37,357.0,2.12,Olivier
15.6,61.4,6.99,277.6,1.11,Luzerne
14.5,54.0,6.58,391.0,1.16,Blé
18.4,47.7,7.41,493.9,0.74,Blé
15.1,72.9,6.15,452.0,1.47,Pomme de terre
11.2,64.1,6.43,305.8,1.96,Blé
29.2,72.4,6.2,348.4,1.48,Tomate
16.1,48.1,7.68,543.4,0.74,Luzerne
19.7,61.0,5.89,448.8,2.57,Agrumes
27.3,51.3,6.61,395.7,0.48,Oignon
18.2,53.2,5.81,356.4,0.56,Maïs
25.4,54.3,6.68,304.9,1.35,Olivier
17.4,60.7,6.64,469.6,0.76,Blé
12.3,60.4,7.19,461.9,2.37,Luzerne
25.0,70.5,6.06,454.3,0.85,Tomate
21.2,65.1,5.38,524.5,0.27,Pomme de terre
12.1,66.5,5.3,621.8,1.55,Pomme de terre
10.3,56.6,6.07,273.4,2.68,Orge
20.8,68.6,5.68,303.0,1.33,Pomme de terre
21.9,69.3,6.17,429.8,1.52,Agrumes
27.4,54.7,7.37,304.2,1.32,Luzerne
33.2,42.1,7.77,294.2,2.87,Olivier
13.4,59.3,7.43,412.5,0.8,Blé
20.4,58.7,6.52,327.4,0.95,Tomate
14.9,60.2,6.65,254.4,0.82,Oignon
14.3,48.9,8.34,356.6,2.67,Olivier
25.7,57.0,7.59,540.1,0.81,Luzerne
25.5,59.6,6.73,262.2,2.12,Oignon
24.5,47.4,7.39,420.9,2.75,Luzerne
19.4,62.0,6.88,328.8,1.96,Oignon
22.8,70.8,6.43,300.5,1.02,Pomme de terre
18.9,67.3,6.27,337.0,0.96,Pomme de terre
24.8,69.5,5.85,433.5,1.72,Maïs
8.1,47.5,6.92,320.4,1.95,Orge
12.5,60.7,6.38,287.2,0.82,Blé
29.4,61.8,6.57,566.1,0.62,Maïs
29.0,53.8,7.0,693.4,0.49,Maïs
21.6,54.3,6.61,301.2,1.86,Blé
29.5,40.8,7.82,386.0,1.25,Olivier
25.4,48.3,7.72,302.9,2.23,Luzerne
15.4,44.5,7.03,389.4,0.9,Pois chiche
18.6,59.1,5.85,526.3,0.68,Agrumes
20.7,65.8,6.57,518.7,1.69,Tomate
15.6,58.3,7.36,362.6,0.8,Blé
23.2,68.8,6.42,329.7,1.43,Oignon
16.3,71.2,6.89,318.2,1.21,Agrumes
22.7,43.0,6.11,183.9,2.24,Pois chiche
9.9,54.3,7.46,298.0,0.56,Orge
16.8,57.0,6.54,432.4,2.21,Blé
22.5,68.0,5.28,510.9,1.25,Pomme de terre
28.4,56.4,6.75,264.5,0.75,Luzerne
27.6,60.0,5.71,686.7,1.59,Agrumes
18.9,46.2,8.15,220.7,2.94,Olivier
17.1,78.1,5.76,559.5,0.65,Pomme de terre
12.3,50.0,7.66,408.3,2.54,Orge
14.3,64.6,6.12,308.5,0.54,Oignon
20.7,61.3,5.91,505.4,1.64,Maïs
14.9,70.3,5.54,341.9,1.44,Pomme de terre
12.1,69.2,5.68,313.4,0.2,Pomme de terre
25.1,45.7,7.28,253.7,0.95,Luzerne
12.2,60.4,5.94,469.8,0.52,Pomme de terre
28.6,61.9,6.48,503.1,1.3,Maïs
24.2,51.6,6.81,317.8,1.97,Oignon
18.4,69.5,6.61,543.8,1.21,Tomate
17.4,59.8,6.48,440.7,1.63,Blé
25.9,50.1,6.65,599.1,1.54,Maïs
15.3,57.6,7.36,222.9,2.11,Pois chiche
32.4,51.2,7.25,162.8,3.25,Olivier
29.9,57.1,6.51,363.8,1.93,Tomate
25.7,49.6,7.34,316.0,2.2,Pois chiche
16.7,56.6,6.56,304.3,2.24,Blé
18.3,52.6,6.5,445.4,0.43,Oignon
18.3,59.8,6.3,327.5,1.84,Agrumes
26.4,53.4,6.01,363.9,1.85,Pois chiche
22.0,69.4,5.26,397.4,1.14,Pomme de terre
24.2,59.9,6.82,352.6,1.64,Maïs
10.3,45.1,7.04,312.7,1.32,Blé
28.8,72.6,6.72,542.2,0.53,Maïs
15.9,35.8,7.72,395.1,2.01,Orge
18.2,50.0,6.53,302.1,3.97,Olivier
22.7,60.3,6.11,353.1,1.17,Pomme de terre
26.2,66.2,6.29,423.9,1.51,Luzerne
16.7,45.1,7.43,401.0,1.5,Pois chiche
16.3,64.8,5.88,352.7,0.62,Pomme de terre
25.2,60.9,6.4,300.5,0.57,Oignon
11.8,40.6,6.1,292.1,2.02,Blé
15.0,69.3,6.24,411.1,1.86,Oignon
15.9,70.5,5.91,414.1,2.51,Agrumes
15.1,38.9,7.63,333.7,2.72,Orge
11.9,36.2,6.07,224.3,2.8,Orge
26.7,41.9,6.89,322.5,2.73,Pois chiche
24.9,37.3,7.21,305.4,1.83,Olivier
22.7,73.2,6.76,333.3,1.29,Tomate
30.9,31.1,7.74,201.7,1.08,Olivier
15.9,74.7,5.89,405.5,0.27,Pomme de terre
18.3,67.5,6.87,352.6,2.62,Luzerne
19.2,60.7,5.22,450.5,0.71,Pomme de terre
27.2,65.0,6.53,432.9,0.8,Agrumes
29.1,72.5,6.59,458.8,1.64,Tomate
18.2,54.3,6.26,269.4,0.98,Blé
29.3,56.1,6.13,523.6,1.12,Maïs
19.4,64.3,6.24,288.7,2.11,Luzerne
16.9,58.9,6.78,328.3,2.44,Orge
30.1,64.3,6.42,633.6,1.32,Maïs
19.4,57.4,6.78,623.2,2.16,Maïs
19.6,39.8,7.25,236.1,1.76,Orge
24.4,69.6,6.64,385.8,1.69,Oignon
26.2,61.9,7.34,516.8,2.37,Agrumes
18.7,33.0,8.09,361.6,1.49,Olivier
16.4,49.1,6.7,219.5,1.68,Pois chiche
20.9,47.0,6.04,471.6,1.83,Blé
32.8,34.3,7.33,361.7,1.45,Olivier
30.1,44.4,8.37,196.1,2.91,Olivier
18.2,41.2,6.97,372.0,1.36,Olivier
23.1,70.1,6.39,460.2,1.04,Pomme de terre
20.3,45.3,7.28,391.1,0.65,Luzerne
28.4,37.0,8.06,406.7,1.48,Olivier
10.7,47.9,6.42,497.5,2.19,Blé
15.5,41.1,7.24,453.4,2.94,Olivier
16.9,59.2,6.78,415.4,1.87,Luzerne
15.7,53.1,6.29,263.8,2.12,Pois chiche
23.1,62.6,5.96,346.4,1.27,Pomme de terre
21.9,66.2,6.51,310.9,2.13,Tomate
13.2,73.2,5.74,430.6,1.49,Pomme de terre
24.9,65.5,6.69,264.5,1.45,Luzerne
22.1,50.5,6.53,602.9,1.73,Maïs
29.4,67.0,6.62,362.8,1.83,Tomate
16.0,65.3,6.34,423.1,1.46,Agrumes
17.0,51.4,6.94,371.5,0.94,Oignon
20.2,58.7,6.5,456.3,0.82,Tomate
21.3,65.8,6.43,426.6,1.25,Tomate
19.2,59.5,5.87,337.8,2.57,Agrumes
14.4,68.0,7.37,269.6,1.92,Luzerne
24.4,51.5,6.4,378.9,0.85,Oignon
22.3,47.0,6.08,457.2,1.23,Blé
24.0,64.1,5.67,469.7,1.21,Pomme de terre
17.1,50.9,6.79,312.9,2.91,Olivier
26.7,59.4,6.31,314.8,0.51,Oignon
15.6,47.1,6.24,363.3,1.04,Blé
21.1,69.8,5.53,550.9,1.49,Pomme de terre
16.5,53.8,6.08,342.0,1.92,Pois chiche
25.2,73.8,6.77,390.3,0.73,Tomate
24.9,74.9,6.16,681.8,0.71,Maïs
10.8,48.4,6.45,294.5,2.27,Orge
16.5,72.0,5.49,527.9,0.57,Pomme de terre
33.0,41.3,8.46,377.0,2.48,Olivier
23.9,56.2,6.89,330.3,1.08,Oignon
23.1,67.1,6.23,391.9,2.04,Oignon
22.9,57.1,6.6,420.3,0.53,Blé
23.7,45.5,7.72,338.0,2.45,Luzerne
25.5,52.0,8.5,320.7,3.53,Olivier
19.6,55.0,6.38,251.7,1.85,Oignon
23.6,79.0,5.68,486.4,0.36,Pomme de terre
17.8,57.0,6.9,188.1,2.15,Pois chiche
21.3,64.4,6.41,494.6,2.27,Blé
27.0,41.5,7.93,411.4,3.72,Olivier
27.3,64.7,7.28,405.1,1.39,Luzerne
20.5,55.7,6.6,278.7,1.04,Orge
28.8,55.4,6.79,687.9,0.5,Agrumes
20.9,37.0,6.52,213.3,1.7,Pois chiche
29.2,70.7,6.04,683.6,1.92,Maïs
33.0,38.6,7.22,337.2,2.19,Olivier
15.2,44.4,8.03,364.1,1.84,Olivier
17.8,57.1,6.84,434.8,1.62,Oignon
14.7,66.3,7.67,256.5,1.69,Luzerne
16.7,57.2,6.32,265.1,2.72,Orge
18.7,71.1,7.03,322.5,0.51,Agrumes
19.0,57.3,7.6,260.4,1.62,Orge
20.9,47.1,6.6,448.0,0.92,Blé
21.4,70.5,7.11,305.2,1.47,Agrumes
20.5,62.7,6.14,379.1,2.32,Tomate
10.4,60.8,6.16,468.5,1.2,Blé
27.7,62.5,5.86,688.7,1.06,Agrumes
15.4,67.7,6.2,336.4,1.66,Pomme de terre
16.4,61.0,6.84,323.7,0.68,Oignon
23.3,73.4,5.65,617.2,1.53,Agrumes
25.9,67.8,7.36,551.9,2.25,Agrumes
21.1,60.0,6.58,506.9,1.14,Maïs
24.1,51.6,7.59,135.9,2.01,Olivier
17.9,68.2,6.48,381.8,0.87,Pomme de terre
30.0,51.9,5.8,470.2,1.81,Maïs
18.1,59.0,6.33,565.0,0.63,Tomate
10.6,38.5,7.67,288.0,1.08,Orge
15.2,55.4,6.97,478.5,1.6,Blé
13.2,68.8,5.87,384.8,1.77,Pomme de terre
15.8,62.7,6.99,497.1,2.36,Blé
26.0,61.0,6.97,282.5,1.52,Oignon
18.0,60.9,6.12,286.1,0.63,Oignon
25.5,55.8,7.41,358.1,1.14,Pois chiche
18.1,67.1,6.71,578.0,0.8,Maïs
17.5,59.7,6.84,276.0,0.88,Oignon
25.1,67.5,6.19,344.1,1.44,Tomate
21.2,70.2,5.56,361.5,0.66,Pomme de terre
31.3,40.4,8.39,216.4,2.62,Olivier
29.6,58.9,7.46,567.7,1.43,Agrumes
13.9,55.0,7.67,271.6,1.15,Orge
16.2,57.8,6.93,694.1,1.16,Agrumes
15.7,72.2,5.31,649.1,0.23,Pomme de terre
28.0,69.7,6.05,689.0,1.0,Maïs
18.7,56.2,6.25,347.2,1.13,Blé
15.1,32.0,8.44,176.9,3.64,Olivier
16.5,68.6,6.37,318.4,0.47,Oignon
28.9,64.6,6.63,333.1,1.28,Tomate
17.8,76.9,5.58,583.9,1.63,Pomme de terre
24.4,67.1,6.59,333.9,2.31,Tomate
20.6,39.0,6.54,225.6,1.79,Pois chiche
15.6,42.4,6.23,427.5,2.01,Blé
17.4,46.8,7.42,292.2,0.89,Blé
20.7,54.9,7.25,290.1,2.71,Pois chiche
17.8,60.9,6.95,444.7,2.18,Oignon
24.5,48.4,7.39,330.5,2.4,Olivier
21.2,41.7,7.04,291.0,1.88,Pois chiche
13.4,39.7,7.58,195.4,1.22,Orge
21.5,74.3,5.53,417.0,1.52,Agrumes
32.6,51.4,8.04,235.4,1.42,Olivier
23.7,45.6,6.98,266.8,2.86,Pois chiche
17.4,49.5,6.2,481.0,1.83,Luzerne
27.2,66.9,6.22,422.3,2.33,Tomate
12.0,55.2,6.48,194.6,0.6,Orge
9.9,57.6,7.46,336.9,1.6,Orge
28.0,51.8,6.81,648.7,1.84,Maïs
20.6,54.2,6.71,446.1,0.72,Luzerne
25.5,58.4,7.28,262.7,0.8,Luzerne
18.6,54.2,6.99,328.1,1.31,Luzerne
26.0,70.2,6.44,557.4,1.67,Tomate
23.1,44.7,8.24,356.2,1.82,Olivier
31.9,64.4,5.9,542.3,2.18,Maïs
23.7,57.8,6.69,478.0,0.71,Blé
26.6,65.2,6.39,509.7,2.23,Agrumes
18.5,59.9,7.4,258.3,1.06,Blé
25.0,40.7,8.24,404.2,3.91,Olivier
20.3,35.6,6.5,364.8,1.7,Pois chiche
23.2,64.8,6.43,453.3,0.61,Tomate
23.5,72.1,5.29,487.3,0.38,Pomme de terre
26.1,54.8,6.62,243.6,1.69,Pois chiche
29.9,37.1,7.24,259.8,1.55,Olivier
15.5,67.0,7.31,274.0,0.53,Luzerne
28.9,39.6,7.08,452.1,1.15,Olivier
17.9,45.7,7.52,386.8,2.52,Pois chiche
10.6,42.5,7.84,207.5,1.02,Orge
26.5,50.1,6.35,440.0,1.5,Oignon
12.7,42.5,7.12,197.5,1.06,Orge
23.7,50.0,7.47,311.1,1.24,Blé
27.8,56.4,6.57,406.3,1.12,Maïs
25.9,57.8,6.82,417.5,2.28,Pois chiche
14.9,40.6,7.03,394.9,1.43,Orge
11.7,47.3,7.12,294.8,0.62,Blé
19.3,65.0,5.64,470.3,1.3,Pomme de terre
23.1,38.9,8.34,131.0,1.32,Olivier
31.3,65.3,6.38,671.5,1.61,Maïs
12.2,61.2,7.08,465.5,1.37,Luzerne
18.6,37.4,7.34,203.2,2.84,Pois chiche
16.6,75.1,6.41,606.1,0.58,Pomme de terre
26.6,55.3,6.55,330.7,1.31,Pois chiche
27.5,62.0,6.43,567.1,0.88,Tomate
25.1,50.6,6.99,244.3,0.49,Pois chiche
23.2,61.7,7.03,476.8,0.76,Agrumes
24.1,68.0,6.16,616.3,2.56,Agrumes
25.7,57.2,7.35,472.1,1.95,Luzerne
18.8,67.0,6.94,263.0,0.68,Luzerne
26.0,57.5,6.95,365.4,1.86,Oignon
22.5,45.2,7.27,362.4,0.67,Blé
20.0,39.2,6.73,248.3,2.74,Olivier
24.9,60.3,6.31,641.5,1.76,Agrumes
26.8,69.1,6.33,278.3,1.25,Oignon
19.5,49.9,6.91,442.2,2.57,Luzerne
17.6,69.5,6.37,304.6,1.19,Oignon
20.6,54.8,6.67,274.4,1.07,Oignon
12.8,40.9,6.15,285.7,2.13,Blé
17.0,49.3,6.68,285.4,0.6,Pois chiche
25.9,63.0,6.53,471.1,1.09,Tomate
17.7,72.5,7.14,589.7,2.23,Agrumes
25.4,68.2,5.89,575.6,1.67,Agrumes
30.0,54.8,7.04,432.2,2.71,Luzerne
22.0,54.6,6.5,360.3,0.69,Blé
29.5,65.0,6.55,596.6,1.39,Tomate
14.5,66.0,6.55,382.7,2.16,Luzerne
18.0,70.5,6.18,387.9,1.48,Agrumes
22.0,42.1,7.42,308.7,1.78,Blé
23.6,44.3,6.19,338.7,0.55,Blé
18.9,64.2,6.14,542.8,1.98,Maïs
16.4,49.5,7.58,324.1,0.35,Pois chiche
20.7,37.7,7.99,345.1,2.76,Orge
20.2,56.9,6.81,294.7,0.33,Pois chiche
15.1,63.8,7.22,561.9,1.0,Agrumes
25.6,68.0,7.0,503.3,1.34,Luzerne
14.1,52.1,7.34,363.0,1.31,Blé
16.8,31.1,8.29,340.2,2.64,Olivier
15.7,60.4,6.44,508.7,1.7,Luzerne
23.6,54.7,6.78,150.1,1.98,Olivier
29.5,58.9,6.3,493.6,1.81,Maïs
18.3,48.9,7.02,409.7,1.72,Orge
23.8,50.0,6.38,342.2,2.09,Oignon
19.0,58.5,6.24,507.9,2.06,Luzerne
20.3,64.1,6.07,401.1,1.02,Oignon
15.3,58.1,6.24,213.8,1.74,Pois chiche
29.3,62.7,6.3,501.7,1.5,Tomate
15.2,41.2,7.34,294.1,1.61,Orge
12.3,66.8,7.04,251.9,0.92,Luzerne
19.4,42.6,6.51,401.9,0.83,Orge
22.2,46.0,6.21,424.6,1.86,Blé
26.8,60.4,6.26,576.0,0.72,Maïs
24.4,71.8,6.34,578.5,1.87,Tomate
17.8,36.3,7.18,413.2,0.8,Pois chiche
25.8,56.6,7.06,224.8,0.61,Pois chiche
24.7,58.9,6.32,566.5,1.52,Tomate
15.1,59.0,6.06,418.5,1.73,Oignon
26.3,66.5,6.25,659.4,1.39,Maïs
13.1,48.2,6.72,310.9,0.63,Luzerne
22.1,73.7,7.28,454.4,2.21,Agrumes
22.3,61.9,6.79,481.3,0.91,Blé
29.4,61.8,6.97,387.3,1.49,Maïs
18.1,50.9,7.87,367.6,1.53,Olivier
18.1,54.9,6.53,280.9,0.33,Pois chiche
17.1,60.7,6.33,629.6,1.25,Pomme de terre
29.3,60.1,6.84,554.6,1.19,Maïs
21.2,57.4,6.46,250.3,1.73,Orge
28.1,67.9,6.85,506.7,2.32,Agrumes
25.1,72.8,5.75,524.0,1.48,Agrumes
21.2,67.1,6.38,357.1,0.4,Tomate
19.2,64.9,7.07,433.4,1.7,Blé
13.2,70.0,5.96,495.0,1.31,Pomme de terre
16.3,47.9,8.44,495.2,1.42,Olivier
8.0,52.8,6.76,240.5,1.21,Orge
23.1,62.7,6.25,315.3,1.67,Oignon
12.0,40.7,8.0,414.0,2.93,Orge
19.4,36.5,7.87,313.9,2.58,Orge
22.4,53.9,6.88,294.3,1.72,Pois chiche
27.0,52.0,5.89,526.3,1.77,Maïs
23.6,55.4,6.76,465.0,2.17,Blé
17.7,69.8,7.09,373.1,1.82,Agrumes
14.7,50.8,6.79,276.1,2.68,Orge
16.1,58.0,6.84,291.2,2.16,Oignon
15.2,39.5,6.77,239.6,1.94,Orge
23.3,51.3,6.14,201.6,0.31,Pois chiche
26.8,48.5,7.87,377.9,1.13,Pois chiche
17.2,55.9,7.49,490.0,1.43,Agrumes
31.2,50.5,6.24,549.5,1.6,Maïs
16.9,64.1,7.29,522.2,2.42,Luzerne
21.3,58.6,6.48,357.2,0.86,Oignon
12.9,55.1,6.07,315.0,2.26,Orge
26.4,72.4,6.03,355.4,2.21,Tomate
22.7,53.5,6.03,322.3,0.43,Blé
17.7,43.0,6.98,311.0,1.14,Blé
22.3,77.5,5.86,613.8,0.81,Pomme de terre
17.0,46.8,6.21,294.6,1.44,Pois chiche
14.0,50.4,7.52,256.9,1.8,Olivier
14.4,60.0,7.46,323.2,1.5,Luzerne
27.6,68.6,6.77,524.2,1.91,Luzerne
24.2,51.5,7.16,534.5,1.34,Luzerne
31.8,57.9,6.8,676.0,1.64,Maïs
22.7,57.9,7.27,429.1,1.59,Agrumes
15.9,66.6,6.9,400.5,1.96,Agrumes
12.6,74.1,5.45,347.4,1.09,Pomme de terre
24.1,41.5,6.76,302.4,1.12,Pois chiche
23.4,55.8,6.66,406.2,1.4,Agrumes
25.9,64.7,6.31,356.9,2.59,Luzerne
20.7,39.6,6.65,412.4,2.13,Orge
19.7,57.0,6.79,470.8,0.35,Tomate
15.4,69.9,5.65,590.3,0.72,Pomme de terre
21.8,66.8,6.58,533.7,2.51,Luzerne
28.9,34.1,7.19,234.7,1.72,Olivier
19.6,61.1,6.55,490.6,2.38,Tomate
26.8,59.6,6.02,496.3,1.23,Tomate
12.4,50.0,7.67,382.4,1.57,Luzerne
19.5,69.6,6.74,471.4,0.61,Agrumes
20.0,51.4,7.21,306.1,1.95,Pois chiche
28.8,69.1,6.98,685.0,1.13,Agrumes
25.0,52.4,6.72,370.3,1.96,Luzerne
19.8,52.0,7.56,352.9,2.28,Luzerne
24.6,45.4,7.08,332.6,1.61,Pois chiche
16.0,36.5,7.01,362.3,0.34,Pois chiche
20.9,56.8,6.91,447.8,1.82,Oignon
29.1,72.2,6.37,422.2,1.09,Tomate
31.4,32.5,7.55,123.4,2.46,Olivier
26.7,67.2,6.33,538.2,2.37,Tomate
14.6,66.4,6.13,309.4,1.59,Pomme de terre
19.1,65.4,6.61,414.5,0.94,Tomate
28.4,69.3,5.69,447.1,1.42,Agrumes
13.1,60.6,6.57,462.0,2.5,Luzerne
16.1,72.9,7.49,601.8,2.28,Agrumes
29.7,63.5,6.17,333.0,1.72,Tomate
21.3,35.3,6.66,479.9,1.18,Olivier
23.4,64.9,6.64,345.0,1.2,Tomate
17.6,66.9,6.65,517.8,0.89,Agrumes
15.2,72.9,5.66,640.2,0.84,Pomme de terre
24.0,53.8,6.19,341.1,2.61,Pois chiche
25.4,74.5,6.82,537.1,1.89,Maïs
22.0,64.8,6.3,459.8,1.02,Blé
14.6,39.8,8.08,139.5,1.56,Olivier
21.6,57.2,6.69,379.4,1.28,Tomate
24.4,49.2,7.45,420.7,1.86,Luzerne
14.5,71.9,5.71,528.8,1.29,Pomme de terre
22.8,59.4,6.04,330.0,0.71,Oignon
17.3,56.7,6.04,322.3,0.95,Oignon
14.2,32.1,8.25,180.5,2.04,Olivier
19.0,35.9,6.36,404.0,1.41,Orge
27.1,53.9,6.78,643.2,1.19,Maïs
19.3,64.8,6.01,420.0,0.87,Oignon
26.0,68.5,6.38,382.3,1.58,Oignon
19.8,55.9,6.77,659.7,0.68,Maïs
21.5,69.8,6.2,527.5,1.5,Pomme de terre
15.9,44.6,7.8,240.3,2.28,Pois chiche
29.5,62.0,6.14,680.0,2.13,Agrumes
26.8,46.4,6.66,202.9,3.14,Olivier
19.4,62.0,6.26,513.3,1.88,Tomate
28.0,70.2,6.21,383.5,1.3,Tomate
32.9,30.8,7.22,166.8,2.61,Olivier
18.8,63.8,5.75,491.0,1.06,Pomme de terre
17.2,65.2,5.78,456.5,0.57,Pomme de terre
20.3,60.4,6.01,252.4,1.3,Blé
21.1,61.6,6.42,414.1,1.3,Oignon
30.8,72.8,6.81,648.8,0.62,Maïs
22.1,65.2,6.42,499.8,1.61,Tomate
19.5,48.3,7.0,255.6,1.89,Olivier
23.8,44.7,7.59,413.4,2.05,Olivier
21.4,56.3,6.44,405.0,2.07,Oignon
21.4,78.6,5.85,619.6,0.71,Pomme de terre
13.6,53.2,7.08,242.6,0.9,Orge
16.0,63.6,6.47,405.2,0.57,Blé
19.5,49.5,7.79,188.1,1.69,Olivier
12.6,44.2,6.5,413.7,1.99,Blé
30.8,53.2,7.32,456.5,1.11,Olivier
17.8,39.3,7.62,373.6,0.62,Orge
24.3,61.4,6.49,628.2,1.37,Maïs
10.8,39.9,6.3,244.6,1.42,Orge
25.1,63.5,6.03,627.9,1.94,Maïs
18.4,68.9,5.83,388.3,1.99,Maïs
24.0,62.7,6.11,461.8,2.15,Tomate
16.1,60.6,6.39,425.0,1.48,Agrumes
18.5,50.1,6.54,397.8,1.07,Olivier
27.9,62.5,6.15,513.8,2.01,Tomate
30.0,66.1,5.55,602.4,2.58,Agrumes
21.2,62.1,7.08,350.8,1.59,Luzerne
18.8,70.6,6.45,560.2,1.7,Tomate
14.5,55.3,7.08,251.8,1.92,Blé
15.5,52.0,6.81,298.8,2.11,Blé
18.3,63.3,6.72,454.1,0.51,Agrumes
30.7,36.5,7.83,423.0,3.1,Olivier
30.1,58.5,6.09,450.1,1.65,Maïs
18.3,62.1,6.14,608.6,0.51,Maïs
16.9,58.9,6.16,229.2,2.51,Orge
13.0,66.9,5.68,529.7,0.46,Pomme de terre
14.0,54.8,7.58,200.6,2.92,Orge
16.9,65.2,6.13,420.5,2.0,Oignon
21.1,43.0,8.29,230.2,2.28,Olivier
16.1,52.7,6.6,313.9,0.8,Oignon
8.6,41.7,7.46,373.5,2.41,Orge
17.2,69.2,5.61,591.9,1.51,Pomme de terre
16.0,35.4,6.37,365.1,0.71,Orge
22.6,43.5,7.75,128.9,1.77,Olivier
28.9,60.7,6.33,405.3,1.54,Luzerne
28.1,72.0,6.61,680.9,1.32,Maïs
19.3,46.4,6.69,213.8,2.79,Pois chiche
16.6,66.6,6.77,340.8,1.86,Oignon
17.7,42.3,7.09,224.9,2.71,Orge
15.5,47.2,7.16,459.4,3.11,Olivier
16.3,55.0,6.19,238.7,1.79,Orge
18.7,40.6,6.96,348.5,0.9,Blé
23.2,60.1,5.79,308.6,1.51,Pomme de terre
24.0,66.1,6.66,355.5,0.34,Maïs
21.5,62.4,5.44,400.5,1.1,Pomme de terre
23.5,55.7,7.28,370.2,0.91,Agrumes
25.8,65.1,6.57,354.5,2.34,Tomate
20.8,37.4,7.77,416.4,1.79,Pois chiche
20.2,34.1,6.85,487.9,1.6,Olivier
19.8,46.4,7.45,484.2,1.25,Olivier
15.7,51.8,7.29,364.1,0.76,Pois chiche
26.6,68.7,6.49,543.9,2.52,Agrumes
8.7,59.6,7.08,357.4,2.2,Orge
19.7,43.9,6.48,417.9,1.2,Blé
22.5,60.5,5.27,561.8,1.24,Pomme de terre
18.3,73.9,6.63,391.1,1.05,Tomate
27.2,39.6,7.59,297.2,2.65,Pois chiche
25.4,37.5,7.84,345.8,0.86,Pois chiche
20.8,38.0,7.25,402.3,2.98,Pois chiche
29.8,69.6,6.86,497.6,2.38,Luzerne
10.9,64.0,7.43,330.2,1.12,Blé
18.9,59.1,7.63,351.1,1.76,Luzerne
20.9,65.4,6.46,422.0,1.33,Oignon
24.0,70.6,6.14,315.7,0.31,Tomate
25.7,49.2,7.72,393.0,0.89,Luzerne
19.2,62.4,6.34,517.6,1.44,Pomme de terre
12.2,54.5,7.33,222.5,2.61,Orge
11.9,40.7,7.45,324.8,0.77,Blé
8.5,37.1,6.21,284.3,1.28,Orge
25.0,67.3,6.68,313.9,1.51,Tomate
21.5,69.9,6.96,459.6,0.84,Maïs
25.0,46.6,6.3,411.5,2.11,Luzerne
17.3,40.3,6.27,372.5,2.26,Blé
25.0,62.8,6.49,366.7,2.11,Oignon
18.4,48.2,6.77,271.6,1.78,Blé
18.8,73.6,6.47,555.8,0.72,Tomate
19.6,72.3,5.8,572.1,1.2,Agrumes
23.2,67.1,6.7,307.1,0.88,Oignon
18.9,69.9,6.76,361.9,2.49,Luzerne
19.8,67.2,6.06,308.8,0.55,Tomate
25.1,50.8,7.96,285.4,1.23,Pois chiche
19.8,71.1,5.91,448.2,0.72,Pomme de terre
17.4,35.3,6.63,312.2,1.08,Olivier
13.1,50.1,6.53,407.5,1.67,Orge
30.3,37.3,7.96,345.5,2.63,Olivier
15.2,72.1,6.23,356.4,0.53,Pomme de terre
19.9,40.7,6.41,384.3,0.86,Pois chiche
24.7,67.3,6.34,577.3,0.47,Tomate
14.5,35.9,8.33,251.0,3.42,Olivier
20.1,57.6,5.81,472.1,1.96,Maïs
24.0,68.0,6.09,284.1,1.31,Oignon
15.0,71.5,5.33,554.3,0.84,Pomme de terre
19.4,49.3,7.58,186.4,0.93,Orge
11.7,44.0,7.04,472.5,1.36,Blé
20.9,63.2,7.39,252.1,1.3,Luzerne
29.1,53.2,6.64,593.1,1.77,Maïs
14.7,66.2,6.53,594.9,2.2,Agrumes
10.5,50.7,6.2,397.1,2.84,Orge
26.8,45.7,7.63,275.4,2.47,Olivier
15.6,55.2,6.88,660.7,0.94,Agrumes
19.2,65.9,6.0,684.1,1.69,Maïs
19.0,53.4,6.61,433.0,0.47,Oignon
22.7,53.9,6.58,383.0,0.33,Pois chiche
21.5,45.3,7.77,241.1,1.75,Pois chiche
20.6,47.5,6.89,223.4,1.65,Orge
23.9,74.2,5.66,615.3,0.56,Pomme de terre
22.0,63.6,7.18,324.7,1.33,Luzerne
12.2,41.8,6.17,433.9,1.24,Blé
22.0,67.8,6.09,272.9,0.41,Oignon
16.7,73.0,6.77,491.1,1.99,Agrumes
18.2,46.1,6.61,402.2,2.1,Luzerne
22.0,47.9,6.52,326.8,0.47,Blé
20.4,46.8,7.51,256.8,1.49,Pois chiche
21.9,50.2,7.18,332.7,2.44,Orge
22.3,73.2,6.56,643.9,1.58,Agrumes
19.8,60.3,6.83,550.2,0.56,Maïs
18.3,51.9,6.0,289.1,1.15,Blé
26.5,42.3,6.65,155.3,3.6,Olivier
28.9,36.4,8.18,364.5,3.91,Olivier
14.5,66.5,6.44,505.1,1.8,Agrumes
23.6,66.7,7.63,498.6,2.04,Luzerne
23.2,69.9,6.72,306.5,0.77,Oignon
16.1,56.1,7.36,269.0,2.19,Pois chiche
22.7,70.7,6.07,610.7,2.54,Agrumes
